Id_sede,Url,Nombre_red
CALEG,https://twitter.com/ArgPortoAlegre,www.twitter.com
CALEG,https://www.facebook.com/ArgentinaEnPortoAlegre/,www.facebook.com
CALEG,https://www.instagram.com/argenportoalegre/,www.instagram.com
CANTO,https://www.facebook.com/Consulado-de-la-Rep%C3%BAblica-Argentina-en-Antofagasta-255728465291743/,www.facebook.com
CAREN,https://www.facebook.com/profile.php?id=100014152878593,www.facebook.com
CASUN,@ArgentinaEnAsuncion,www.instagram.com
CBARC,facebook.com/ArgEnBarcelona,www.facebook.com
CBARC,twitter.com/ARGenBarcelona,www.twitter.com
CBARC,instagram.com/argenbarcelona,www.instagram.com
CBARC,Consulado,Consulado
CBARC,Argentino,Argentino
CBARC,en,en
CBARC,Barcelona,Barcelona
CBARC,linkedin.com/company/consulado-y-centro-de-promoci%C3%B3n-de-la-republica-argentina-en-barcelona/mycompany/,linkedin.com
CBELO,https://www.facebook.com/ArgentinaEnBeloHorizonte/,www.facebook.com
CBELO,https://twitter.com/consgralbelo,www.twitter.com
CBELO,https://www.instagram.com/consgralbelo/,www.instagram.com
CBONN,https://www.facebook.com/ConsuladoArgentinoenBonn,www.facebook.com
CBONN,http://www.instagram.com/consulado.argentino.bonn,www.instagram.com
CCADI,www.facebook.com/ArgentinaEnCadiz,www.facebook.com
CCEST,https://www.facebook.com/ArgEnCiudaddeleste/,www.facebook.com
CCEST,https://www.instagram.com/argenciudaddeleste,www.instagram.com
CCHIC,https://twitter.com/argenchicago,www.twitter.com
CCHIC,https://www.facebook.com/ArgentinaEnChicago,www.facebook.com
CCHIC,https://www.youtube.com/channel/UCjZ3a6zTr156aP_zg-1lQfQ/featured,www.youtube.com
CCOCH,wwww.facebook.com/ArgentinaEnCochabamba,wwww.facebook.com
CCOLO,https://www.facebook.com/ArgentinaenColonia,www.facebook.com
CCURI,https://www.facebook.com/ArgEnCuritiba/,www.facebook.com
CCURI,https://instagram.com/argEncuritiba,www.instagram.com
CCURI,https://twitter.com/ARGenCuri,www.twitter.com
CFDIG,https://twitter.com/argentinaenfoz,www.twitter.com
CFDIG,https://www.facebook.com/ArgentinaEnFozDeIguazu,www.facebook.com
CFDIG,https://www.instagram.com/argentinaenfoz/,www.instagram.com
CFLOR,@argenflorianopolis,www.instagram.com
CFLOR,https://www.facebook.com/cflor.mrecic.gov.ar,www.facebook.com
CGMUM,https://www.facebook.com/argenmumbai,www.facebook.com
CGMUM,https://www.instagram.com/argenmumbai,www.instagram.com
CGMUM,https://twitter.com/cgmum1,www.twitter.com
CGTEL,https://www.facebook.com/ArgentinaEnIsrael/,www.facebook.com
CHOUS,@ARGenHouston,www.instagram.com
CHOUS,https://www.facebook.com/ArgentinaEnHouston/,www.facebook.com
CLANG,https://www.facebook.com/ArgentinaEnLosAngeles/?ref=aymt_homepage_panel,www.facebook.com
CLANG,@arg_clang,www.instagram.com
CLOND,https://www.instagram.com/consuladoargentinoenlondres/,www.instagram.com
CMADR,https://www.facebook.com/ArgentinaEnMadridEsp/,www.facebook.com
CMALD,https://www.facebook.com/pg/ConsuladoArgentinoenMaldonado/posts/?ref=page_internal,www.facebook.com
CMALD,https://www.instagram.com/consulado_argentino/,www.instagram.com
CMALL,https://www.facebook.com/ArgentinaEnPalmaDeMallorca,www.facebook.com
CMDEO,https://www.facebook.com/ArgentinaEnMontevideo/,www.facebook.com
CMIAM,https://es-la.facebook.com/consuladoargentino.miami/,es-la.facebook.com
CMIAM,consuladoargentinomia,consuladoargentinomia
CMIAM,@argenmiami,www.instagram.com
CMILA,https://www.facebook.com/ConsuladoArgentinoenMilan,www.facebook.com
CMILA,https://www.instagram.com/consuladoargentinoenmilan/,www.instagram.com
CMILA,https://www.youtube.com/channel/UCZdYeN4gttYEyX15xxkUNWQ,www.youtube.com
CNYOR,https://www.facebook.com/ARGenNewYork,www.facebook.com
CNYOR,https://twitter.com/ARGenNewYork,www.twitter.com
CNYOR,https://www.instagram.com/argennewyork/,www.instagram.com
CNYOR,https://www.youtube.com/channel/UCJFygvT8lgEo1PrQqsHqMKg,www.youtube.com
CPABL,consuladoargentinosp@gmail.com,consuladoargentinosp@gmail.com
CPMON,https://www.facebook.com/ArgentinaEnPuertoMontt/,www.facebook.com
CRECI,https://www.facebook.com/ArgentinaEnBrasilRecife,www.facebook.com
CRECI,https://www.instagram.com/consuladoargentinorecife,www.instagram.com
CRIOJ,https://www.facebook.com/ArgentinaEnRiodeJaneiro/,www.facebook.com
CROMA,@ArgEnRoma,www.instagram.com
CROMA,@consuladoargentinoenroma,www.instagram.com
CSBAH,https://www.instagram.com/argentinaensalvador,www.instagram.com
CSBAH,https://www.facebook.com/ArgentinaenSalvador,www.facebook.com
CSBAH,https://twitter.com/ArgentinaEnSSA,www.twitter.com
CSCRS,cscrs2018,cscrs2018
CSCRS,www.facebook.com/ArgEnSantaCruz,www.facebook.com
CSCRS,de,de
CSCRS,la,la
CSCRS,Sierra,Sierra
CSIDN,https://www.facebook.com/ArgentinaEnSidney/,www.facebook.com
CSLTO,@consuladoargentinoensalto,www.instagram.com
CTENE,www.facebook.com/argentinaentenerife,www.facebook.com
CTORO,https://www.facebook.com/ArgentinaEnToronto/,www.facebook.com
CTORO,https://www.instagram.com/consuladoargtoronto/,www.instagram.com
CURUG,https://www.facebook.com/ArgEnUruguayana/,www.facebook.com
CURUG,https://twitter.com/CURUGoK,www.twitter.com
CVALP,https://www.facebook.com/ArgentinaEnValparaiso,www.facebook.com
CVIGO,facebook.com/ArgentinaenVigo,www.facebook.com
CVIGO,https://www.instagram.com/argenvigo/,www.instagram.com
CVILL,https://www.facebook.com/ArgEnVillazon,www.facebook.com
EALEM,https://www.facebook.com/ArgEnAlemania/,www.facebook.com
EANGO,https://www.facebook.com/ArgentinaEnAngola/,www.facebook.com
EANGO,https://www.instagram.com/embargentinaenangola/,www.instagram.com
EARAB,https://www.facebook.com/argentinaenarabiasaudita/,www.facebook.com
EARAB,https://twitter.com/ensaudita,www.twitter.com
EARAB,https://www.instagram.com/arginsaudi/,www.instagram.com
EARGE,https://twitter.com/ARGenArgelia,www.twitter.com
EARGE,https://instagram.com/argenargelia,www.instagram.com
EARGE,facebook.com/ArgentinaEnArgelia,www.facebook.com
EARME,https://www.instagram.com/arginarmenia/,www.instagram.com
EARME,https://www.facebook.com/ArgentinaEnArmenia,www.facebook.com
EARME,https://twitter.com/ARGinArmenia,www.twitter.com
EASIR,https://www.facebook.com/Embajada-Argentina-en-Siria-112176794025495,www.facebook.com
EAUST,https://www.facebook.com/ArgentinaEnAustralia/,www.facebook.com
EAUST,https://twitter.com/ARGinAustralia,www.twitter.com
EAZER,https://www.facebook.com/EmbassyOfArgentina/,www.facebook.com
EAZER,www.instagram.com/embargentinaaz,www.instagram.com
EAZER,www.twitter.com/ARGEnAzer,www.twitter.com
EBARB,https://www.facebook.com/ArgentinaEnBarbados/,www.facebook.com
EBELG,https://www.facebook.com/ArgentinaEnBelgica/,www.facebook.com
EBELG,https://www.instagram.com/argenbelgica/,www.instagram.com
EBOLV,@EmbaArgBolivia,www.instagram.com
EBOLV,@EmbajadaArgentinaBolivia,www.instagram.com
EBOLV,@embajada_argentina_en_bolivia,www.instagram.com
EBRAS,https://www.instagram.com/embaargenbrasil,www.instagram.com
EBRAS,https://twitter.com/ArgentinaEnBras,www.twitter.com
EBRAS,https://www.facebook.com/embargbrasil,www.facebook.com
EBULG,https://www.facebook.com/ArgentinaEnBulgaria/,www.facebook.com
EBULG,https://www.youtube.com/channel/UCK-uSxN84lEMqJwCviEjZow,www.youtube.com
ECANA,https://www.facebook.com/ArgentinaInCanada,www.facebook.com
ECANA,https://www.youtube.com/channel/UC77DGXZ2ppExRtV4WS4IV-A,www.youtube.com
ECANA,https://twitter.com/ArginCanada,www.twitter.com
ECANA,https://www.instagram.com/argentinaincanada/,www.instagram.com
ECANA,https://www.linkedin.com/company/argentinaincanada,www.linkedin.com
ECEUR,https://www.facebook.com/ARGanteUE,www.facebook.com
ECEUR,https://www.linkedin.com/company/arganteue,www.linkedin.com
ECEUR,https://twitter.com/ARGanteUE,www.twitter.com
ECEUR,https://www.youtube.com/@ARGanteUE,www.youtube.com
ECEUR,https://www.flickr.com/people/197084220@N02/,www.flickr.com
ECHES,https://www.facebook.com/ArgentinaEnRepCheca/,www.facebook.com
ECHES,https://www.instagram.com/argentinaenpraga,www.instagram.com
ECHIN,@ArgentinaEnChina,www.instagram.com
ECOLO,@ArgColombia,www.instagram.com
ECOLO,https://www.facebook.com/ArgColombia/?ref=bookmarks,www.facebook.com
ECOLO,argentinaencolombia,argentinaencolombia
ECORE,https://www.facebook.com/ArgentinaEnCorea/,www.facebook.com
ECORE,https://www.instagram.com/embajadaargentinaencorea1/?hl=es,www.instagram.com
ECUBA,https://www.facebook.com/ArgentinaEnCubaLaHabana/,www.facebook.com
EDINA,https://www.facebook.com/EmbajadadeArgentinaenDinamarca/,www.facebook.com
EDOMI,https://es-la.facebook.com/ArgentinaEnRepublicaDominicana/,es-la.facebook.com
EEARB,https://www.facebook.com/ArgentinaEnEmiratosArabesUnidos,www.facebook.com
EECUA,https://www.facebook.com/Argentina-en-Ecuador-772092829594964/?ref=bookmarks,www.facebook.com
EECUA,https://instagram.com/argentinaenecuador?igshid=1pzlw4ojakxjh,www.instagram.com
EECUA,https://www.youtube.com/channel/UC7FnoaJNif8jQLyBb4QDKng,www.youtube.com
EEEUU,https://twitter.com/ARGinUSA,www.twitter.com
EEEUU,https://www.facebook.com/ARGinUSA/,www.facebook.com
EEEUU,https://www.instagram.com/ARGinUSA/,www.instagram.com
EEEUU,https://www.flickr.com/photos/ARGinUSA/,www.flickr.com
EEEUU,https://www.youtube.com/ARGinUSA,www.youtube.com
EEEUU,www.linkedin.com/in/ARGinUSA,www.linkedin.com
EEGIP,instagram.com/argenegipto/,www.instagram.com
EEGIP,twitter.com/ARGenEgipto,www.twitter.com
EEGIP,facebook.com/ArgentinaenEgipto,www.facebook.com
EEOEA,www.facebook.com/ARGenOEA/,www.facebook.com
EEOEA,www.instagram.com/argenoea/,www.instagram.com
EEOEA,www.twitter.com/ARGenOEA,www.twitter.com
EEOEA,www.youtube.com/channel/UCqjmCa0UfL3_I3Ovqz5ZAag/featured,www.youtube.com
EESPA,https://twitter.com/ARGenesp,www.twitter.com
EESPA,https://www.facebook.com/argenespa/,www.facebook.com
EESPA,https://www.instagram.com/argenespa/,www.instagram.com
EETIO,https://www.facebook.com/ArgEnEtiopia/,www.facebook.com
EETIO,@ArEthiopia,www.instagram.com
EETIO,https://www.instagram.com/embaargenetiopia/,www.instagram.com
EFILI,https://www.facebook.com/ArgentinaEnFilipinas,www.facebook.com
EFILI,https://www.instagram.com/argentinaenfilipinas/,www.instagram.com
EFILI,https://twitter.com/ArgentinaEnFili,www.twitter.com
EFINL,www.facebook.com/ArgentinaEnFinlandia/,www.facebook.com
EFINL,www.instagram.com/argenfinlandia/,www.instagram.com
EFRAN,https://www.facebook.com/ArgentinaEnFrancia/,www.facebook.com
EFRUS,https://www.facebook.com/EMBAJADAARGENTINAENMOSCU,www.facebook.com
EFRUS,https://twitter.com/EmbArgRusia,www.twitter.com
EGREC,https://www.facebook.com/ArgentinaEnGrecia,www.facebook.com
EGREC,https://www.youtube.com/channel/UCFaKsErEs33zEdzJbnrzOog/featured,www.youtube.com
EHILE,https://twitter.com/EmbArgEnChile,www.twitter.com
EHILE,https://www.facebook.com/EmbArgentinaEnChile,www.facebook.com
EHILE,https://www.instagram.com/embargenchile/,www.instagram.com
EHOND,@ArgHonduras,www.instagram.com
EHOND,@ArgentinaEnHonduras,www.instagram.com
EHOND,Embajada,Embajada
EHOND,Argentina,Argentina
EHOND,en,en
EHOND,Honduras,Honduras
EINDI,https://twitter.com/ArgentinaEnInd,www.twitter.com
EINDI,https://www.facebook.com/ArgentinaEnInd,www.facebook.com
EINDI,https://www.instagram.com/argentinaenind/,www.instagram.com
EIRLA,https://www.facebook.com/ArgentinaEnIrlanda/,www.facebook.com
EIRLA,https://www.instagram.com/embajadaargentinairlanda,www.instagram.com
EISIA,@argentinaindonesia,www.instagram.com
EISRA,https://www.facebook.com/ArgEnIsrael,www.facebook.com
EISRA,https://twitter.com/argenisrael,www.twitter.com
EITAL,https://es-la.facebook.com/emb.roma/,es-la.facebook.com
EITAL,https://twitter.com/arginitalia?lang=es,www.twitter.com
EITAL,https://www.instagram.com/arginitalia/?hl=es,www.instagram.com
EJAMA,https://www.facebook.com/ArgentinaEnJamaica/,www.facebook.com
EJAMA,https://twitter.com/ARGenJamaica,www.twitter.com
EJAMA,argentinaenjamaica,argentinaenjamaica
EJAPO,embajadaargentinaenjapon,embajadaargentinaenjapon
EJAPO,https://www.facebook.com/ArgJapon/?ref=bookmarks,www.facebook.com
EKENY,www.facebook.com/ArgentinaEnKenia,www.facebook.com
EKENY,https://www.instagram.com/argenkenya/,www.instagram.com
EKUWA,www.facebook.com/ArgentinaenKuwait,www.facebook.com
ELBNO,https://www.facebook.com/ArgentinaEnLibano,www.facebook.com
EMARR,https://www.instagram.com/marruecos.embajada/,www.instagram.com
EMARR,https://twitter.com/ArgMarruecos,www.twitter.com
EMEXI,https://twitter.com/@ARGenMexico,www.twitter.com
EMEXI,https://www.facebook.com/ARGenMexico/,www.facebook.com
EMEXI,https://www.instagram.com/embargenmexico/,www.instagram.com
EMEXI,https://www.youtube.com/user/EmbaArgenMX,www.youtube.com
EMFAO,@ArgenFao,www.instagram.com
EMOZA,https://www.facebook.com/ArgentinaEnMozambique/,www.facebook.com
EMOZA,argenmozambique,argenmozambique
EMSIA,https://www.facebook.com/ArgentinaEnMalasia,www.facebook.com
ENICA,@ArgentinaEnNicaragua,www.instagram.com
ENICA,@argennicaragua,www.instagram.com
ENIGE,https://www.facebook.com/ArgentinaEnNigeria/,www.facebook.com
ENIGE,https://www.instagram.com/embargennigeria/?igshid=f0laoeu8lhv8,www.instagram.com
ENORU,https://www.facebook.com/ArgentinaEnNoruega/,www.facebook.com
ENORU,https://www.instagram.com/ARGenNoruega/,www.instagram.com
EOIRS,https://www.facebook.com/ArgentinaEnGinebra,www.facebook.com
EOIRS,www.instagram.com/misionargentinaonu,www.instagram.com
EOIRS,https://twitter.com/ArgentinaONUOMC,www.twitter.com
EOIRS,https://www.youtube.com/channel/UCSOsChik8j7nFJZnPq6K7Ag,www.youtube.com
EPAKI,https://twitter.com/EmbajadadeArge1,www.twitter.com
EPARA,https://twitter.com/argenparaguay_,www.twitter.com
EPARA,https://www.facebook.com/embajada.paraguay,www.facebook.com
EPBAJ,https://www.facebook.com/ArgEnPaisesBajos/,www.facebook.com
EPBAJ,https://twitter.com/ArgentinaEnPB,www.twitter.com
EPERU,https://twitter.com/Emb_Arg_Peru,www.twitter.com
EPERU,https://www.facebook.com/ArgentinaEnPeru,www.facebook.com
EPNMA,@ArgentinaEnPanama,www.instagram.com
EPOLO,https://www.facebook.com/Embajada-de-la-Rep%C3%BAblica-Argentina-en-Polonia-1726942037398853/,www.facebook.com
EQATR,@embargenqatar,www.instagram.com
EQATR,@embargenqatar,www.instagram.com
ERICA,https://www.facebook.com/argentinaencostarica/,www.facebook.com
ERUMA,https://www.facebook.com/ArgentinaEnRumania,www.facebook.com
ERUMA,https://www.instagram.com/argentinaenrumania,www.instagram.com
ERUNI,https://twitter.com/ARGinUK,www.twitter.com
ERUNI,https://www.facebook.com/ARGinUK/,www.facebook.com
ERUNI,https://www.flickr.com/photos/138300767@N07/albums,www.flickr.com
ERUNI,https://www.instagram.com/arginuk/,www.instagram.com
ERUNI,https://www.youtube.com/channel/UCzaGU10f-77SR56kini9-1g/videos?view_as=subscriber,www.youtube.com
ESAFR,facebook.com/ArgenSudafrica,www.facebook.com
ESAFR,https://twitter.com/EmbArgentina,www.twitter.com
ESAFR,https://www.instagram.com/argentinaensudafrica,www.instagram.com
ESALV,https://twitter.com/ARGenElSalvador,www.twitter.com
ESALV,https://www.facebook.com/ArgentinaEnElSalvador/,www.facebook.com
ESALV,https://www.instagram.com/embargenelsalvador/,www.instagram.com
ESENE,@ARGenSenegal,www.instagram.com
ESERB,Facebook.com/ArgentinaEnSerbia,Facebook.com
ESERB,Instagram.com/ARGinSerbia,Instagram.com
ESING,https://twitter.com/ARGinSingapore,www.twitter.com
ESING,https://instagram.com/argentine_embassy_singapore?igshid=YmMyMTA2M2Y=,www.instagram.com
ESSED,https://twitter.com/ArgSantaSede,www.twitter.com
ESSED,https://www.youtube.com/c/EmbajadaArgentinaantelaSantaSede,www.youtube.com
ESSED,https://www.facebook.com/ArgEnSantaSede,www.facebook.com
ESSED,https://www.instagram.com/argensantasede/,www.instagram.com
ESUEC,https://se.linkedin.com/showcase/arginsweden,se.linkedin.com
ESUEC,https://www.facebook.com/arginsweden/,www.facebook.com
ESUEC,https://www.instagram.com/arginsweden/,www.instagram.com
ETAIL,https://www.facebook.com/ArgEnTailandiaBangkok/?tn-str=k*F,www.facebook.com
ETRIA,https://www.facebook.com/ArgentinaEnAustria/,www.facebook.com
ETRIA,https://twitter.com/ARGenViena,www.twitter.com
ETRIA,https://www.instagram.com/argenviena/,www.instagram.com
ETRIN,www.facebook.com/ArgentinaEnTrinidadYTobago,www.facebook.com
ETRIN,arg_trinidad_tobago,arg_trinidad_tobago
ETUNE,https://www.facebook.com/ArgEnTunez/,www.facebook.com
ETUNE,https://www.twitter.com/EmbajadaTunez,www.twitter.com
ETUNE,https://www.instagram.com/embargentinatn,www.instagram.com
ETUNE,https://www.youtube.com/channel/UC8kSZug1SPHrp3r1hGzhjtg,www.youtube.com
ETURQ,@Argentinaenturquia/,www.instagram.com
ETURQ,@embargenturquia,www.instagram.com
ETURQ,@ARGenTurquia,www.instagram.com
EUCRA,https://www.facebook.com/ArgentinaEnUcrania,www.facebook.com
EUCRA,https://www.instagram.com/argenucrania/,www.instagram.com
EUNES,https://twitter.com/ArgentinaUNESCO,www.twitter.com
EUNES,https://www.facebook.com/delegation.argentine/,www.facebook.com
EUNGR,https://www.facebook.com/ArgentinaEnHungria,www.facebook.com
EURUG,https://twitter.com/ArgentinaEnUru,www.twitter.com
EURUG,https://www.facebook.com/ArgentinaEnUru/,www.facebook.com
EURUG,https://www.instagram.com/argentinaenuru/,www.instagram.com
EVENE,https://twitter.com/argenvenezuela?lang=es,www.twitter.com
EVENE,https://www.facebook.com/EmbajadaArgentinaEnVenezuela,www.facebook.com
EVENE,https://www.instagram.com/argenvenezuela/,www.instagram.com
EVIET,https://www.facebook.com/ArgentinaEnVietnam/,www.facebook.com
EVIET,https://www.instagram.com/argenvietnam/,www.instagram.com
REPAL,https://www.facebook.com/ArgEnPalestina,www.facebook.com
